model,benchmark,condition,bits,effective_bits,ece_lo,ece,ece_hi,delta_ece_lo,delta_ece,delta_ece_hi,slope_lo,slope,slope_hi,delta_slope_lo,delta_slope,delta_slope_hi,intercept_lo,intercept,intercept_hi,delta_intercept_lo,delta_intercept,delta_intercept_hi,brier_lo,brier,brier_hi,delta_brier_lo,delta_brier,delta_brier_hi
llama3.2-3b,arc_challenge,bf16,16,16.0,0.05297204142883421,0.07449212977290152,0.09565415582731364,,0.0,,0.5694779629408655,0.6836567695091178,0.8251274500925135,,0.0,,-0.6323222155415217,-0.455629079631668,-0.2850114273996145,,0.0,,0.14980563620991635,0.16381261369888947,0.1781877052013091,,0.0,
llama3.2-3b,arc_challenge,affine_b8_g64,8,8.5,0.05108358402699232,0.06747171115875246,0.09465090181678534,-0.01954969307780266,-0.007020418614149065,0.015453746203333106,0.5530761444309771,0.6669711829830209,0.8062226536450376,-0.05146580602835161,-0.016685586526096863,0.015898230019039446,-0.6355307111971248,-0.46100220580224766,-0.2858497840030215,-0.04737408879346159,-0.005373126170579667,0.04093264392601047,0.1501132645478141,0.16434035003331712,0.17953147340407793,-0.0015092024520408844,0.0005277363344276531,0.0025821886977659444
llama3.2-3b,arc_challenge,affine_b6_g64,6,6.501,0.0480035511404276,0.06053460288047789,0.09037170774266114,-0.025381519866734734,-0.013957526892423633,0.013270115463435641,0.5739048833664457,0.6830352841134931,0.8188700300001517,-0.05647384368118774,-0.0006214853956246769,0.0568839094596505,-0.5981532863136135,-0.4229843702183994,-0.24995084012946306,-0.04669387832074448,0.03264470941326858,0.10916619811010271,0.15257885517492611,0.1664751725024408,0.1811811451594183,-0.0010107352440062278,0.002662558803551318,0.006159639830887953
llama3.2-3b,arc_challenge,affine_b5_g64,5,5.501,0.07213219533413652,0.09243233129382136,0.11732618986293675,1.1840027570738544e-05,0.017940201520919838,0.037834328847378515,0.5209584824957898,0.6248696664576838,0.7554235750251782,-0.1320429012489837,-0.058787103051433975,0.010376397078924678,-0.9178868051322534,-0.7290547242384737,-0.548054207287728,-0.38476547641402353,-0.27342564460680574,-0.159873756256973,0.15247043956987527,0.1673533726111405,0.18274819224675176,-0.0021802497325190233,0.0035407589122510297,0.00881040239558766
llama3.2-3b,arc_challenge,affine_b4_g64,4,4.501,0.05837934130057693,0.06875723606348039,0.10262713129222392,-0.014866650597006117,-0.005734893709421138,0.026152079828828563,0.5097392553281868,0.6101659179519225,0.7237808137983717,-0.1786125951477686,-0.07349085155719526,0.02394120869551129,-0.6791683331191046,-0.4939758807803528,-0.3198859627574262,-0.18240593654095913,-0.03834680114868483,0.10517346864200788,0.1630088626302845,0.1776762161195246,0.19385153911656727,0.005756684946476105,0.01386360242063514,0.02243941295150606
llama3.2-3b,arc_challenge,affine_b3_g64,3,3.501,0.1371932131946087,0.1645074511170387,0.19279203817471866,0.06094429012611508,0.09001532134413719,0.12093387418091295,0.39652071580257553,0.4773145985784153,0.5719976414098226,-0.34954564615627637,-0.2063421709307025,-0.08107716410380988,-1.3886917372096748,-1.1836574066829866,-0.9859205868439203,-0.9429371197173999,-0.7280283270513186,-0.5138038638675179,0.20747017449009164,0.2250419706944111,0.24309569326325828,0.04482809537351255,0.06122935699552162,0.07827726889451053
llama3.2-3b,arc_challenge,affine_b2_g64,2,2.501,0.4880346841610968,0.5166910219490528,0.5448012717947365,0.40799939602836965,0.44219889217615127,0.47686702357605093,-0.18784883043115044,-0.054337959229240854,0.07356900614947874,-0.9330848928236818,-0.7379947287383587,-0.5667030082078612,-3.1200899784043985,-2.9060353863592248,-2.688734804773354,-2.725033209887355,-2.4504063067275568,-2.174631345170752,0.45612294227650296,0.4744957121391061,0.49291486964667836,0.28655437641675396,0.3106830984402166,0.33391195097744636
llama3.2-3b,mmlu,bf16,16,16.0,0.12147400928512217,0.1419261844754219,0.17202227833867068,,0.0,,0.46766557122478997,0.5560679375545274,0.6580246180576736,,0.0,,-1.0474656476507693,-0.8748333879690194,-0.7021087479868022,,0.0,,0.2119519574997912,0.22656481261083689,0.24223340337771673,,0.0,
llama3.2-3b,mmlu,affine_b8_g64,8,8.5,0.12255407749190923,0.14661661371588708,0.17437434822171924,-0.01229286996275187,0.0046904292404651715,0.015142762896418563,0.4420345319099743,0.5306279248791727,0.6263364659557412,-0.05693396818779637,-0.025440012675354784,0.004718308373986749,-1.0493182982516445,-0.8698895928507335,-0.6972050741380061,-0.04885659136847086,0.00494379511828591,0.05934031330797367,0.2147203759296072,0.2292875663131538,0.2452285215504443,8.802716640177595e-05,0.0027227537023169213,0.0053830341309679145
llama3.2-3b,mmlu,affine_b6_g64,6,6.501,0.12318225596547129,0.14576543566584588,0.1757133046090603,-0.013252439629286548,0.00383925119042397,0.01746804359704251,0.47157819647149546,0.5626553588725881,0.663909289306636,-0.03739570117135047,0.006587421318060671,0.05160267211354533,-1.071119941186851,-0.8920565837716702,-0.718879744983514,-0.1000157882872595,-0.017223195802650748,0.06358358991072062,0.21370350271688482,0.22784236116336046,0.2436449569063401,-0.003245860478502884,0.001277548552523572,0.005562225906564921
llama3.2-3b,mmlu,affine_b5_g64,5,5.501,0.14360989233478905,0.1693121252655983,0.19671668884307145,0.004655582831799967,0.027385940790176394,0.04188672240003947,0.4718799805603044,0.5563309952561328,0.6565373113471763,-0.06299695575860595,0.0002630577016053959,0.06181258178393198,-1.2747427971644532,-1.0971904352614719,-0.9293828079480385,-0.3433291491995944,-0.22235704729245243,-0.09909679875914984,0.21263744726258027,0.22791692502910565,0.24450583462187048,-0.005553223051939555,0.0013521124182687694,0.008615939810990556
llama3.2-3b,mmlu,affine_b4_g64,4,4.501,0.12212027872130275,0.14408845826983455,0.17526917570978398,-0.0212683200478554,0.002162273794412639,0.026658283245563526,0.4661670717266108,0.5588681486137186,0.6596445024845785,-0.08289088433147558,0.002800211059191149,0.09259905713621788,-1.0065125623025633,-0.843833125026568,-0.6758796235040876,-0.11905604966547569,0.031000262942451395,0.1908661796920714,0.2166541676215983,0.23091306801799774,0.2461335925556505,-0.00637281372560306,0.004348255407160856,0.014100043896117733
llama3.2-3b,mmlu,affine_b3_g64,3,3.501,0.1767225768052042,0.20034429353475572,0.23294501666203143,0.027470856177061808,0.05841810905933381,0.09030851813480258,0.4338922387752078,0.5144749077082796,0.6011951932146496,-0.15347188597332784,-0.0415930298462478,0.06816107425215552,-1.3552555660269592,-1.1669532146325938,-0.9973082848627042,-0.4992712298337725,-0.2921198266635744,-0.08638812358673811,0.24633899255151423,0.2617304929631417,0.2783782814554621,0.018656305698714265,0.03516568035230483,0.05283266671105377
llama3.2-3b,mmlu,affine_b2_g64,2,2.501,0.4350649548709392,0.46345459720492366,0.4908610355839133,0.27883016334548594,0.3215284127295017,0.3552690168298781,-0.11007218039187609,0.029894838256817324,0.1593347374506765,-0.6975375273342558,-0.5261730992977101,-0.37307895176718053,-2.6828629885166175,-2.484434376581773,-2.2860243155253124,-1.870462355060932,-1.6096009886127538,-1.3480826539128914,0.4116253565540036,0.4281196102133137,0.4448495167289281,0.17918064293216948,0.2015547976024768,0.22274520039222948
qwen2.5-1.5b,arc_challenge,bf16,16,16.0,0.11131181855872274,0.13051572716236115,0.15627949717640874,,0.0,,0.44313772412864,0.5067526602855508,0.5905230415360175,,0.0,,-1.8098814072330611,-1.548180046146022,-1.3003735350331602,,0.0,,0.1494208135809121,0.1677655862682979,0.18572658694254443,,0.0,
qwen2.5-1.5b,arc_challenge,affine_b8_g64,8,8.501,0.10836152133792638,0.13012869966030122,0.1541866179347038,-0.010349708932638157,-0.0003870275020599334,0.005827089212089777,0.4426538944777812,0.5102262568355395,0.5865396901873247,-0.03145875156379198,0.003473596549988689,0.03656929741888713,-1.7713955900750373,-1.5237376128957436,-1.2710142526467751,-0.0592147358522386,0.024442433250278395,0.10965793842484878,0.14916425127741986,0.16715341706638867,0.18512962885032866,-0.0025372850746965036,-0.0006121692019092351,0.0013540104971157076
qwen2.5-1.5b,arc_challenge,affine_b6_g64,6,6.501,0.1009001915201545,0.11924347516894342,0.14587659404501319,-0.020733363695442715,-0.011272251993417734,-0.00014387330263855027,0.4183493338724413,0.4832427668515131,0.5548094764246299,-0.06801295127652406,-0.0235098934340377,0.016349785935715868,-1.6583459046666222,-1.4044365089087638,-1.1600010012600115,0.03717840718117656,0.1437435372372582,0.25749521277900067,0.14681160329589066,0.16468445319994382,0.18272983870247742,-0.006556275029038608,-0.003081133068354086,0.0005961109995238946
qwen2.5-1.5b,arc_challenge,affine_b5_g64,5,5.501,0.09723728130832315,0.12007374662160877,0.14172656666636466,-0.028119664385914803,-0.010441980540752377,0.003152138966321939,0.4635752900321884,0.5357984761386982,0.6214235898232532,-0.03534483180408713,0.029045815853147472,0.09745232632721501,-1.4261989217871167,-1.2013503128129366,-0.9680934357463022,0.18796377473324807,0.3468297333330854,0.5083959712544175,0.14522378647371903,0.1625173913131308,0.17987860232286845,-0.011413137667391481,-0.005248194955167096,0.000637726050036325
qwen2.5-1.5b,arc_challenge,affine_b4_g64,4,4.501,0.1123247555077076,0.1363401757478714,0.16015630428344013,-0.015238180382549735,0.005824448585510261,0.022621314788609792,0.5154761022549547,0.5910471779854605,0.6850520563993117,0.00020419178300777905,0.0842945176999097,0.17157310586936936,-1.550201416611849,-1.3344783493139363,-1.1191293923537609,0.0057128770599303765,0.21370169683208573,0.41721523160086316,0.15787036951933023,0.17652582423580163,0.19388314785647054,-0.002098860578620134,0.00876023796750372,0.0195748198798071
qwen2.5-1.5b,arc_challenge,affine_b3_g64,3,3.501,0.12525730265900492,0.14918713685870172,0.17935587389767169,-0.016053204493224563,0.01867140969634057,0.053298059606552074,0.5603074739104184,0.6992186265908412,0.8576260850900211,0.02671952977791899,0.19246596630529045,0.36759148875586345,-0.844185675678624,-0.6973550978035252,-0.553309283576286,0.5534679273999573,0.8508249483424968,1.1458241945237035,0.23537214513059612,0.24707878226591548,0.25870788884112916,0.06053611052848656,0.07931319599761757,0.09941097762744645
qwen2.5-1.5b,arc_challenge,affine_b2_g64,2,2.501,0.4692917933002114,0.4982413705587388,0.5266733764760196,0.3275006640464067,0.36772564339637764,0.4010831843510271,-0.07174730008940858,0.020315903862537343,0.10775344678020145,-0.6157512680565352,-0.48643675642301343,-0.3731315087757791,-3.2674382607133,-3.013389554655401,-2.7804572847276576,-1.832001489225693,-1.4652095085093788,-1.0868179390831216,0.4391550588804739,0.4590821954271429,0.47861383775774863,0.26480473550152234,0.291316609158845,0.3185838159371444
qwen2.5-1.5b,mmlu,bf16,16,16.0,0.18635374456420542,0.2133021747171879,0.24117783367186782,,0.0,,0.4428997056168601,0.5094060513845828,0.583967745140103,,0.0,,-1.757323214451241,-1.549992236970729,-1.349077113708429,,0.0,,0.22737200104672425,0.24483159443386904,0.2634338100801259,,0.0,
qwen2.5-1.5b,mmlu,affine_b8_g64,8,8.501,0.18497754403427247,0.2109700668454171,0.2396458429224788,-0.010785063206404372,-0.0023321078717707944,0.006551795241236693,0.4392422078024684,0.50678118445072,0.5819886995180534,-0.029008943136808428,-0.0026248669338628794,0.023345096153714072,-1.7365407475759205,-1.52330040737553,-1.322977868309699,-0.03422629947492901,0.026691829595199,0.09061533081204565,0.22628985405148686,0.2441078537548274,0.26240502362436585,-0.0031700416582947735,-0.000723740679041629,0.0016247737868183708
qwen2.5-1.5b,mmlu,affine_b6_g64,6,6.501,0.1723498259752989,0.19528643929958348,0.2264659916765988,-0.029560192598402542,-0.018015735417604428,0.0007154434621333954,0.4140293039831208,0.476585941758628,0.5471878927434847,-0.07015351476245744,-0.03282010962595483,0.0041040514026319955,-1.6314538284651372,-1.4156793551575764,-1.2183864167961844,0.03321357568743379,0.1343128818131527,0.23323001571456153,0.22576520001220998,0.24314691604531688,0.26184986179876396,-0.006388258321606928,-0.0016846783885521577,0.0030245022155507974
qwen2.5-1.5b,mmlu,affine_b5_g64,5,5.501,0.16703780022934078,0.1908749435245991,0.21973844294846054,-0.03781255183741454,-0.022427231192588798,-0.002529811222851286,0.46399635338404543,0.5415914060363273,0.6303634841781206,-0.02410548713344143,0.032185354651744436,0.09362786608188955,-1.4526272732209569,-1.2730225902791412,-1.0843043214613584,0.14474444429574623,0.27696964669158786,0.41143891132034305,0.22309365888285848,0.23973880584849075,0.25646941227700837,-0.012369583992746694,-0.005092788585378288,0.002290147240707781
qwen2.5-1.5b,mmlu,affine_b4_g64,4,4.501,0.17436202974766493,0.20235422641038897,0.2309761138632894,-0.03505218373462562,-0.010947948306798932,0.0140797505035996,0.5108035892927684,0.5938109307600122,0.6853107326151713,0.0016959866039313698,0.0844048793754294,0.16685206763406044,-1.5414004002458808,-1.3518037644048395,-1.1631873824355003,0.009309564290894013,0.19818847256588956,0.38060379602497985,0.22228948096150997,0.23953555202255444,0.2572477291168243,-0.017671761611098083,-0.005296042411314594,0.007807299905751334
qwen2.5-1.5b,mmlu,affine_b3_g64,3,3.501,0.12739951397329574,0.14755513536930084,0.18038987939208748,-0.09410786147713665,-0.06574703934788706,-0.02558375117778782,0.4718232202065622,0.6243869474784953,0.7807800493685949,-0.05242647956049339,0.11498089609391249,0.2783047460938697,-0.8257811650006285,-0.6816135819267861,-0.5512871155421488,0.636588970290725,0.868378655043943,1.1041034526986204,0.24165798861599652,0.2515519412495882,0.2616009845445254,-0.012352237860459633,0.006720346815719147,0.025784814633601244
qwen2.5-1.5b,mmlu,affine_b2_g64,2,2.501,0.45569339107349516,0.48607811447978017,0.5141785923659801,0.23084709779173143,0.2727759397625923,0.3112185929469764,-0.13237854217362816,-0.03870583149616326,0.0530369768520876,-0.672323792350323,-0.5481118828807461,-0.43732807642212407,-3.1974881876881662,-2.9440820687873206,-2.6936845826099685,-1.7164326304547355,-1.3940898318165915,-1.058325759218049,0.44190859844458474,0.4617764093780601,0.48125415657835596,0.18932366304614626,0.21694481494419104,0.24231906267593983
qwen2.5-3b,arc_challenge,bf16,16,16.0,0.12117017621919512,0.1426360113322735,0.16395751724690202,,0.0,,0.3405243717878288,0.3848285299367835,0.4423652497253916,,0.0,,-3.6666505946048953,-3.2187526198514447,-2.768810507713325,,0.0,,0.12906705744353716,0.14765940716463108,0.1666763688083559,,0.0,
qwen2.5-3b,arc_challenge,affine_b8_g64,8,8.501,0.12169958222955465,0.14269071689248086,0.16457081156894562,-0.005479504401981817,5.470556020736872e-05,0.005331794220209143,0.3234304912722336,0.36794947352450746,0.42103221798024576,-0.036584454763792545,-0.01687905641227605,0.0014158365098491834,-3.754169493290425,-3.281696183815655,-2.8199729625788903,-0.17835959074129004,-0.06294356396421019,0.049807590894736235,0.13159769439894245,0.15032502623834046,0.16999029244297975,0.0007264630740158866,0.00266561907370938,0.004646911445377495
qwen2.5-3b,arc_challenge,affine_b6_g64,6,6.501,0.11281092823147776,0.13377409851551053,0.156513263771683,-0.018731483560800483,-0.008861912816762962,0.0017844015292823108,0.3134486780044111,0.3577515741603341,0.41163909063252857,-0.06117188620500768,-0.02707695577644942,0.006496800698558048,-3.4648973947917905,-2.9959038139118555,-2.5538333483632893,-0.014297621133612626,0.22284880593958922,0.46012517775751527,0.12803287038151429,0.1466658699244206,0.16597902048276614,-0.005781693294537262,-0.0009935372402104792,0.00359873164286244
qwen2.5-3b,arc_challenge,affine_b5_g64,5,5.501,0.11843817149326205,0.14026491862535478,0.16196647841781375,-0.01320083053410054,-0.0023710927069187093,0.008624317654222217,0.31682422837340946,0.3617972375127113,0.41649254874979164,-0.06072526767818845,-0.023031292424072203,0.013613992591608195,-3.45371149211241,-3.0053771459120746,-2.5714574494610254,-0.05011673866147832,0.21337547393937006,0.46388259833378204,0.1306422993866906,0.14981966367128335,0.16919789459746964,-0.004476445708824777,0.002160256506652275,0.008669963989374007
qwen2.5-3b,arc_challenge,affine_b4_g64,4,4.501,0.09937674706354735,0.12445986104011537,0.15055880485400558,-0.04513185058832172,-0.01817615029215812,0.009571187827736182,0.580802977306667,0.6973077423617486,0.833399729558509,0.19142454054731303,0.3124792124249651,0.4414532004593363,-1.0241491814788755,-0.8616051411612002,-0.6893397137771775,1.9243200055120828,2.357147478690244,2.8194448652267807,0.17800707750029152,0.19457275694393825,0.2111109494098539,0.02996699733006464,0.04691334977930717,0.06519936005055367
qwen2.5-3b,arc_challenge,affine_b3_g64,3,3.501,0.4036401673056186,0.43389771628379825,0.4631195474319161,0.2533067347772419,0.29126170495152476,0.327768591852486,-0.13859929870400778,-0.01881744870328282,0.0961516000677859,-0.5454788460660729,-0.40364597864006635,-0.2780932202019763,-2.605696399477652,-2.3822997452296053,-2.170610609555362,0.34258524018020975,0.8364528746218394,1.3455317916711271,0.39632396562352745,0.4136652432437396,0.4310351286013104,0.23887560816780862,0.26600583607910855,0.2924352580599671
qwen2.5-3b,arc_challenge,affine_b2_g64,2,2.501,0.22643184638023375,0.2535380827784538,0.2813377681218087,0.07627491088435048,0.1109020714461803,0.14670337908789513,-0.19369655515863385,0.21984411052244549,0.6334624810439728,-0.5897792733641717,-0.16498441941433803,0.25225811287524796,-1.272142855344991,-1.1214317596187322,-0.9818939704952432,1.6229468863474135,2.0973208602327125,2.5644345874054917,0.2594183608127978,0.2650470592207672,0.2704817052957538,0.09692573145597755,0.11738765205613613,0.13632129768967716
qwen2.5-3b,mmlu,bf16,16,16.0,0.21677380301877858,0.243097440302372,0.2711299297370017,,0.0,,0.2665138840706378,0.30702945598569387,0.3527678535147932,,0.0,,-3.1561217367791414,-2.8128658391420163,-2.4971987199913475,,0.0,,0.23515927837987857,0.25704406836829813,0.28015063369941734,,0.0,
qwen2.5-3b,mmlu,affine_b8_g64,8,8.501,0.2228843593902886,0.2494059370160103,0.2768918581582606,-0.0020759827129542387,0.006308496713638312,0.01535357137769467,0.2737299577025698,0.3141678488865922,0.3607902973923423,-0.010873351343714723,0.007138392900898349,0.025313783493724006,-3.2861268068531797,-2.92816808915975,-2.609117012543848,-0.22416935165861976,-0.11530225001773386,-0.007903618664201001,0.23835855124858846,0.2601929755022986,0.28328004677516255,0.0006860048108022238,0.003148907134000456,0.005898622549156844
qwen2.5-3b,mmlu,affine_b6_g64,6,6.501,0.2197871575891972,0.24715292558073995,0.27599528603255746,-0.008842393817007542,0.004055485278367965,0.017770816765725637,0.2672230218156299,0.30931623865957947,0.35660008954134503,-0.024202392598558803,0.002286782673885601,0.028988020992838294,-3.2017681827217097,-2.847304194145194,-2.520203146018789,-0.1959302417193324,-0.03443835500317771,0.1302308292824751,0.23962786958473756,0.2621372235587888,0.2849207861401013,-0.0005285483814981311,0.005093155190490695,0.010997873552827376
qwen2.5-3b,mmlu,affine_b5_g64,5,5.501,0.20692895020321014,0.23343542641401294,0.261766517495364,-0.02657647719308735,-0.00966201388835905,0.007698299103230278,0.25962993196555506,0.3023211414728877,0.3526518184552702,-0.034386356948030196,-0.004708314512806178,0.026272358111163595,-2.870008550273204,-2.5420328270412345,-2.246710435994781,0.05962274955906543,0.2708330121007818,0.4809460309752101,0.22579311985051026,0.24717581151734128,0.2693058508857509,-0.018411498597288422,-0.009868256850956852,-0.000769950618883526
qwen2.5-3b,mmlu,affine_b4_g64,4,4.501,0.16644034866914154,0.19218908482789998,0.2200921537920833,-0.07767746813446279,-0.050908355474472006,-0.021849405904859277,0.442094645666968,0.5245991119811937,0.63073192665669,0.1314254130028544,0.21756965599549982,0.319339601353753,-1.4510681744013818,-1.2645785665091447,-1.0865690630218665,1.238201724735633,1.5482872726328716,1.8830071838024443,0.21860418189623307,0.23625449575357305,0.2535334584515733,-0.03982297710139317,-0.020789572614725083,-0.00324053805699579
qwen2.5-3b,mmlu,affine_b3_g64,3,3.501,0.3917483384616673,0.4218122831285,0.4504284255638718,0.13705055066123606,0.178714842826128,0.22073056594356893,-0.08196348306165023,0.010917392826541555,0.10598960918494962,-0.3984006409012846,-0.2961120631591523,-0.1936302942516024,-2.670447239961392,-2.433066894962213,-2.202500662168543,-0.014808890089073712,0.3797989441798033,0.8078761358306511,0.3878774073079998,0.40611434291175974,0.42333745033403947,0.11816322897899646,0.1490702745434616,0.17853919821286318
qwen2.5-3b,mmlu,affine_b2_g64,2,2.501,0.26525663371533154,0.2919013492763043,0.3206822095692158,0.012169767931848846,0.0488039089739323,0.08879241511449212,-0.4944326562143034,-0.1549090138974033,0.1667611155783572,-0.8084379387372244,-0.46193846988309717,-0.13974393213719502,-1.4949366550871306,-1.3300175615948193,-1.184872780153509,1.1187098183251702,1.482848277547197,1.8470095164617661,0.27372531412905066,0.2807225228245035,0.28746352839776146,0.00025237994989210665,0.023678454456205367,0.04668390793386681
