model,benchmark,condition,mean_conf_incorrect,mean_conf_correct,overconfidence_rate,overconfidence_rate_lo,overconfidence_rate_hi,overconfidence_rate_n_qualifying,delta_intercept_lo,delta_intercept,delta_intercept_hi,delta_conf_incorrect_lo,delta_conf_incorrect,delta_conf_incorrect_hi
llama3.2-3b,arc_challenge,bf16,0.6176104116730574,0.8380512748159165,0.09624413145539906,0.06959920999496515,0.12445083932853714,426,,0.0,,,0.0,
llama3.2-3b,arc_challenge,affine_b8_g64,0.6227419266188648,0.8394610433521883,0.09324009324009325,0.06735570970029935,0.12085644491252705,429,-0.04737408879346159,-0.005373126170579667,0.04093264392601047,-0.0006128729127049898,0.005131514945807436,0.011112295187981392
llama3.2-3b,arc_challenge,affine_b6_g64,0.6172455583270445,0.8312966259806803,0.09178743961352658,0.06505929547787562,0.11971830985915492,414,-0.04669387832074448,0.03264470941326858,0.10916619811010271,-0.010180476371325492,-0.00036485334601288333,0.009446474540089954
llama3.2-3b,arc_challenge,affine_b5_g64,0.6433540913228696,0.8641153925547674,0.10450819672131148,0.0765952654782442,0.13235439432690072,488,-0.38476547641402353,-0.27342564460680574,-0.159873756256973,0.011493424781144304,0.025743679649812168,0.03992230211138215
llama3.2-3b,arc_challenge,affine_b4_g64,0.6381043937762041,0.8290812532756139,0.10194174757281553,0.07415590308058548,0.13349529847643735,412,-0.18240593654095913,-0.03834680114868483,0.10517346864200788,0.0004344759022357814,0.02049398210314668,0.03978591713622225
llama3.2-3b,arc_challenge,affine_b3_g64,0.6827391775754782,0.85090655083641,0.17488789237668162,0.14102494577006508,0.2111425595865851,446,-0.9429371197173999,-0.7280283270513186,-0.5138038638675179,0.03926534325242382,0.06512876590242078,0.09319873082221763
llama3.2-3b,arc_challenge,affine_b2_g64,0.7437785985620365,0.7299947743969304,0.7882882882882883,0.7313416398185285,0.8418665850673195,222,-2.725033209887355,-2.4504063067275568,-2.174631345170752,0.0989484775384856,0.12616818688897913,0.15253826361220593
llama3.2-3b,arc_challenge,affine_b4_g32,0.6464864787281743,0.8578316477957291,0.10920770877944326,0.08158883581446298,0.13964763444986564,467,-0.424802776569773,-0.28050683441571356,-0.14066475305464107,0.010104306949544622,0.028876067055116916,0.04602616546881454
llama3.2-3b,arc_challenge,affine_b4_g128,0.6170574570357993,0.805688462234958,0.0856353591160221,0.05763688760806916,0.11568176506830398,362,-0.0893377144470276,0.07435094387981861,0.2293196527251136,-0.021381173601828635,-0.0005529546372581295,0.02045248423112747
llama3.2-3b,arc_challenge,mxfp4_b4_g32,0.6508580691452268,0.8408288155731402,0.13053613053613053,0.10046130223745556,0.16465033471015525,429,-0.4085708008851046,-0.24166281266972223,-0.07291935600080837,0.01101615219315381,0.0332476574721694,0.05650647480074761
llama3.2-3b,arc_challenge,mixed_2_6,0.6705540476226005,0.6844063120913673,0.6573426573426573,0.5793118466898955,0.7357424812030074,143,-1.8705089653297837,-1.6058398935380285,-1.3363197033546925,0.024461500489464817,0.0529436359495431,0.08128914178552325
llama3.2-3b,arc_challenge,mixed_3_4,0.6664531969053801,0.8350531405701143,0.15990453460620524,0.1255741110451627,0.19438768090572703,419,-0.6176436171085045,-0.41073100682438746,-0.20431102807290744,0.022920508238405957,0.04884278523232266,0.07534572103927022
llama3.2-3b,arc_challenge,mixed_3_6,0.6383525899729546,0.8274669061540295,0.12919896640826872,0.09653245464140323,0.16216216216216217,387,-0.44147635987522205,-0.24303724863906317,-0.0570977650658462,-0.004283990079226624,0.020742178299897218,0.04594800944932296
llama3.2-3b,arc_challenge,mixed_4_6,0.6119106731687983,0.8154027882670418,0.08877284595300261,0.060526315789473685,0.11948263692828909,383,0.0023448352527785407,0.14008327688455258,0.2782500470646525,-0.024403945365573203,-0.005699738504259089,0.012367732287186229
llama3.2-3b,mmlu,bf16,0.6086837084415064,0.7883717155309888,0.14057507987220447,0.1041618883792049,0.1809947264476006,313,,0.0,,,0.0,
llama3.2-3b,mmlu,affine_b8_g64,0.6113211852173472,0.7856008755010471,0.14743589743589744,0.11038216370785178,0.18902634459036896,312,-0.04885659136847086,0.00494379511828591,0.05934031330797367,-0.0026801190131196364,0.002637476775840808,0.008088489308955641
llama3.2-3b,mmlu,affine_b6_g64,0.6029025598042677,0.7851259513276634,0.1464968152866242,0.10997861356932154,0.18729096989966554,314,-0.1000157882872595,-0.017223195802650748,0.06358358991072062,-0.014017846791628685,-0.0057811486372387755,0.0026891321514773657
llama3.2-3b,mmlu,affine_b5_g64,0.6167821905731615,0.8148645108105034,0.16714697406340057,0.12951355896773212,0.2083392857142857,347,-0.3433291491995944,-0.22235704729245243,-0.09909679875914984,-0.003823464148110364,0.008098482131655094,0.01952045973348206
llama3.2-3b,mmlu,affine_b4_g64,0.6012092130029495,0.7720862133916851,0.1386861313868613,0.09884397305049697,0.18051952875458685,274,-0.11905604966547569,0.031000262942451395,0.1908661796920714,-0.024631237759553323,-0.007474495438556938,0.00858351099777015
llama3.2-3b,mmlu,affine_b3_g64,0.6199258269057444,0.770570496195241,0.21621621621621623,0.1673292285403839,0.26459143968871596,259,-0.4992712298337725,-0.2921198266635744,-0.08638812358673811,-0.011520542333099607,0.011242118464237949,0.033379246144189245
llama3.2-3b,mmlu,affine_b2_g64,0.7079558275788036,0.7099916219711304,0.7515923566878981,0.6838011119081779,0.8197768529362556,157,-1.870462355060932,-1.6096009886127538,-1.3480826539128914,0.07737831943501983,0.09927211913729717,0.11984202350749897
llama3.2-3b,mmlu,affine_b4_g32,0.6217496294427562,0.8056426828177713,0.16265060240963855,0.125,0.20409828619875242,332,-0.3134236862594442,-0.18104556907232128,-0.04144557532457919,-0.000779311545853753,0.013065921001249814,0.026674226263141785
llama3.2-3b,mmlu,affine_b4_g128,0.5945858742416814,0.7876967607606581,0.1568627450980392,0.1178343949044586,0.19871845425867507,306,-0.2525549470541313,-0.09077907000699992,0.06271873523257983,-0.031746578293765544,-0.014097834199825021,0.0024514921605025483
llama3.2-3b,mmlu,mxfp4_b4_g32,0.632429636208526,0.802144123275927,0.19076923076923077,0.14666568914956013,0.23492063492063492,325,-0.4611368657424828,-0.28776280803873744,-0.10793439128568187,0.005169752361941354,0.02374592776701956,0.042148131585056196
llama3.2-3b,mmlu,mixed_2_6,0.6640000863216858,0.65915546933378,0.753731343283582,0.6817895339954163,0.8260945048309178,134,-1.4492421524681582,-1.1946228287449858,-0.9318567283593835,0.032715089606747794,0.0553163778801794,0.07792220665615142
llama3.2-3b,mmlu,mixed_3_4,0.6073528074233209,0.7694311598033616,0.16393442622950818,0.11946902654867257,0.21251536885245892,244,-0.262208159429971,-0.07192093952076728,0.11862521201898575,-0.02197046828516046,-0.0013309010181855596,0.0192912289451494
llama3.2-3b,mmlu,mixed_3_6,0.6005181356447156,0.7699170383437052,0.1693548387096774,0.12345679012345678,0.21774193548387097,248,-0.23206851307673462,-0.05676282107006525,0.1319967925446137,-0.028122185752019916,-0.008165572796790865,0.011849652078469284
llama3.2-3b,mmlu,mixed_4_6,0.5812386891857505,0.7652583823872668,0.1297709923664122,0.08943089430894309,0.17279525236020332,262,-0.06615116177517111,0.06822629283294102,0.20584763163287492,-0.04166799514325025,-0.02744501925575593,-0.014155324378233134
qwen2.5-1.5b,arc_challenge,bf16,0.7796639722712496,0.931072486420862,0.12446351931330472,0.10057450913353522,0.14857142857142858,699,,0.0,,,0.0,
qwen2.5-1.5b,arc_challenge,affine_b8_g64,0.776303792025073,0.9304591984883028,0.12410841654778887,0.10013751763046544,0.14782639015220425,701,-0.0592147358522386,0.024442433250278395,0.10965793842484878,-0.014011196759154207,-0.0033601802461765695,0.007558853719504727
qwen2.5-1.5b,arc_challenge,affine_b6_g64,0.7791370316223951,0.9252918107774866,0.12464183381088825,0.10086922963834166,0.1487505533468974,698,0.03717840718117656,0.1437435372372582,0.25749521277900067,-0.014103551707163365,-0.0005269406488545014,0.013448338192976125
qwen2.5-1.5b,arc_challenge,affine_b5_g64,0.7649701660094054,0.9166339912971893,0.11093990755007704,0.08701958434183578,0.1344959613517957,649,0.18796377473324807,0.3468297333330854,0.5083959712544175,-0.033827432717572194,-0.014693806261844244,0.0053302595274258326
qwen2.5-1.5b,arc_challenge,affine_b4_g64,0.7530680451782937,0.9160883490961637,0.13953488372093023,0.11262985159817351,0.16589791275458615,645,0.0057128770599303765,0.21370169683208573,0.41721523160086316,-0.053464212597581086,-0.026595927092955884,-0.0010268471690668944
qwen2.5-1.5b,arc_challenge,affine_b3_g64,0.5321698850938972,0.6406597102543822,0.20689655172413793,0.09995901639344264,0.3103448275862069,58,0.5534679273999573,0.8508249483424968,1.1458241945237035,-0.27313230494745294,-0.24749408717735244,-0.22181137325892386
qwen2.5-1.5b,arc_challenge,affine_b2_g64,0.7374910899492167,0.7569594531029952,0.7562724014336918,0.7077451245937161,0.8060252745599519,279,-1.832001489225693,-1.4652095085093788,-1.0868179390831216,-0.06845125662544599,-0.04217288232203287,-0.016045320590107673
qwen2.5-1.5b,arc_challenge,affine_b4_g32,0.7771040258008682,0.939175264190376,0.13904494382022473,0.11317586162239165,0.16430741630538556,712,-0.5131044952296724,-0.26787884697282105,-0.03287162582565785,-0.02752120800386767,-0.00255994647038138,0.023027661238605644
qwen2.5-1.5b,arc_challenge,affine_b4_g128,0.7578674453347387,0.9068573131723311,0.13725490196078433,0.1114611380362592,0.1647873586429725,612,-0.08316076190595675,0.16750416234046028,0.4094310890362551,-0.047654470215482275,-0.021796526936510907,0.005554329128635525
qwen2.5-1.5b,arc_challenge,mxfp4_b4_g32,0.7855657272547194,0.9077978549490099,0.1880064829821718,0.15718407490745445,0.21915867562669886,617,-0.43839710451158503,-0.15459848420523592,0.12795006377489146,-0.021367179337202623,0.005901754983469787,0.032343946549868156
qwen2.5-1.5b,arc_challenge,mixed_2_6,0.7339581730125027,0.7334825758038875,0.7195121951219512,0.659997975708502,0.773117450105042,246,-1.385663320134793,-1.048695871735314,-0.686766849179533,-0.07047442074714869,-0.04570579925874696,-0.020184074112423067
qwen2.5-1.5b,arc_challenge,mixed_3_4,0.553888194582292,0.6517185345969417,0.06976744186046512,0.0,0.15221571906354492,43,0.5356569777288738,0.8245717930175225,1.106280032438104,-0.2501563686901409,-0.22577577768895762,-0.2008659514098428
qwen2.5-1.5b,arc_challenge,mixed_3_6,0.5413224565928999,0.7028126914582518,0.08080808080808081,0.03125,0.13761467889908258,99,0.899063530021856,1.1777472477770914,1.45994975094337,-0.26373688551992414,-0.2383415156783497,-0.21256076738965066
qwen2.5-1.5b,arc_challenge,mixed_4_6,0.7595460286327437,0.9162774868059478,0.13787878787878788,0.11179149914639845,0.1626954899415963,660,0.0007882760936772708,0.21608763511047657,0.41822529683635623,-0.04550784987820933,-0.020117943638505942,0.004105888887308724
qwen2.5-1.5b,mmlu,bf16,0.6812461629892007,0.8617295460504742,0.19863013698630136,0.16179775280898875,0.23799154889462878,438,,0.0,,,0.0,
qwen2.5-1.5b,mmlu,affine_b8_g64,0.6777949686660323,0.8588039128403915,0.19545454545454546,0.1596201353909333,0.23373707774731492,440,-0.03422629947492901,0.026691829595199,0.09061533081204565,-0.008870206787488169,-0.0034511943231684272,0.0021744453608506346
qwen2.5-1.5b,mmlu,affine_b6_g64,0.6755977793818428,0.8474747792400162,0.19134396355353075,0.15476057014734146,0.2309563492063492,439,0.03321357568743379,0.1343128818131527,0.23323001571456153,-0.015278479796015371,-0.005648383607357865,0.004057906141486497
qwen2.5-1.5b,mmlu,affine_b5_g64,0.6630297520132952,0.834687982734881,0.16030534351145037,0.125,0.19851334036780224,393,0.14474444429574623,0.27696964669158786,0.41143891132034305,-0.031678561171587405,-0.01821641097590554,-0.005299110956187208
qwen2.5-1.5b,mmlu,affine_b4_g64,0.6466436984803942,0.838844658353112,0.19109947643979058,0.15364565785040432,0.23545321637426897,382,0.009309564290894013,0.19818847256588956,0.38060379602497985,-0.05313598227267454,-0.03460246450880655,-0.015612339389451505
qwen2.5-1.5b,mmlu,affine_b3_g64,0.515256237089634,0.5960034827888012,0.17857142857142858,0.041666666666666664,0.3333333333333333,28,0.636588970290725,0.868378655043943,1.1041034526986204,-0.18687972929002153,-0.16598992589956674,-0.14552424982546847
qwen2.5-1.5b,mmlu,affine_b2_g64,0.7377846513589223,0.7309585038423538,0.7601476014760148,0.709431677221388,0.8096889040954397,271,-1.7164326304547355,-1.3940898318165915,-1.058325759218049,0.03396099295440917,0.05653848836972164,0.0787266167417989
qwen2.5-1.5b,mmlu,affine_b4_g32,0.6866375655963504,0.8518966554012973,0.23076923076923078,0.19279108006606632,0.2707435219411365,442,-0.2223776865432234,-0.016949662838712465,0.19144518515704478,-0.013783180369667641,0.0053914026071496535,0.02387127103241982
qwen2.5-1.5b,mmlu,affine_b4_g128,0.6514856442477968,0.84011503636837,0.1876675603217158,0.15013387771251593,0.22942847798536445,373,0.001037936060140955,0.20048467889163235,0.4016860578790659,-0.04932683989292493,-0.029760518741403952,-0.008562311189854996
qwen2.5-1.5b,mmlu,mxfp4_b4_g32,0.7331893583057855,0.8463917748750076,0.3392070484581498,0.2955517870167761,0.3834775123078657,454,-0.6815818320416643,-0.4313612968327354,-0.19176620838497818,0.031259333928458775,0.051943195316584756,0.07128950444450172
qwen2.5-1.5b,mmlu,mixed_2_6,0.711618568864651,0.7253523752864065,0.7285067873303167,0.6684178433889602,0.7853881278538812,221,-1.530025044385694,-1.2356452716048947,-0.9365007129286808,0.008465769336109508,0.030372405875450315,0.05226103685007339
qwen2.5-1.5b,mmlu,mixed_3_4,0.5154562530152291,0.6117828408725389,0.0625,0.0,0.16,32,0.5792963959772941,0.8129912833088697,1.0476275860924613,-0.18641878041186513,-0.16578990997397158,-0.14437224534582258
qwen2.5-1.5b,mmlu,mixed_3_6,0.5161066267177917,0.6405712989060119,0.1,0.032773664727657324,0.1818501920614595,60,0.7247227135460929,0.9548274700955801,1.1827017699471676,-0.18567821577068006,-0.16513953627140898,-0.144650131991334
qwen2.5-1.5b,mmlu,mixed_4_6,0.665673985703931,0.8424298342536477,0.1941747572815534,0.15616423670668955,0.23601310350892618,412,-0.03217183605736401,0.1520967752690663,0.32721425359686546,-0.032132141523757464,-0.015572177285269717,0.00036458332715534635
qwen2.5-3b,arc_challenge,bf16,0.8476343536063244,0.9772650884993282,0.1254355400696864,0.10416483918128655,0.1475991831195785,861,,0.0,,,0.0,
qwen2.5-3b,arc_challenge,affine_b8_g64,0.8578645553853776,0.9760217477008241,0.12630359212050984,0.1043766217218052,0.14759725400457666,863,-0.17835959074129004,-0.06294356396421019,0.049807590894736235,-0.0007499947020472574,0.010230201779053205,0.020350077951955734
qwen2.5-3b,arc_challenge,affine_b6_g64,0.8568460745889632,0.9718120137509985,0.1254396248534584,0.10463503945519403,0.14737468671679194,853,-0.014297621133612626,0.22284880593958922,0.46012517775751527,-0.008369376301487399,0.009211720982638782,0.026444310262247302
qwen2.5-3b,arc_challenge,affine_b5_g64,0.858101950046864,0.974065747240494,0.1267605633802817,0.10587924241376927,0.14883843616238174,852,-0.05011673866147832,0.21337547393937006,0.46388259833378204,-0.011020192070036114,0.010467596440539517,0.0320492726557115
qwen2.5-3b,arc_challenge,affine_b4_g64,0.6875179898738861,0.8533577990090405,0.12009803921568628,0.08793835567385622,0.15151700377861746,408,1.9243200055120828,2.357147478690244,2.8194448652267807,-0.1890892328388143,-0.16011636373243832,-0.13218940708637397
qwen2.5-3b,arc_challenge,affine_b3_g64,0.6868814259409427,0.6789782002152674,0.7891566265060241,0.7254901960784313,0.8493321917808218,166,0.34258524018020975,0.8364528746218394,1.3455317916711271,-0.18922650070375419,-0.16075292766538174,-0.1312871192387961
qwen2.5-3b,arc_challenge,affine_b2_g64,0.5199315243812858,0.5259261452662412,,,,0,1.6229468863474135,2.0973208602327125,2.5644345874054917,-0.3529738765455318,-0.3277028292250387,-0.30247782139196716
qwen2.5-3b,arc_challenge,affine_b4_g32,0.8520125288712351,0.9729466365075405,0.12925969447708577,0.10752562556526983,0.1522273432819563,851,-0.11854273455120405,0.3008096055157172,0.6937627055293825,-0.021792786252837714,0.004378175264910689,0.03171797757948936
qwen2.5-3b,arc_challenge,affine_b4_g128,0.7295890550224149,0.9149150873256835,0.10697674418604651,0.0838504667683267,0.13162583648125628,645,1.6479097545086947,2.063120945038076,2.4940168664363633,-0.14925443831036397,-0.11804529858390955,-0.08802667449916991
qwen2.5-3b,arc_challenge,mxfp4_b4_g32,0.8236619710377907,0.9640678688215996,0.14233576642335766,0.11895330636611412,0.16707021791767554,822,-0.013118560866607712,0.4505274700179509,0.8816794255160133,-0.056278334800026225,-0.023972382568533734,0.007904245250670764
qwen2.5-3b,arc_challenge,mixed_2_6,0.49382042925264,0.5035815405528355,,,,0,1.6631714987415824,2.149036907303943,2.628000733709773,-0.3795272593812218,-0.3538139243536844,-0.32861529484364477
qwen2.5-3b,arc_challenge,mixed_3_4,0.6491982270524187,0.6598474905472393,0.7398373983739838,0.6611535229023673,0.8214437046004841,123,0.6335317090565089,1.109389514874914,1.6039314208300848,-0.22765204849576035,-0.19843612655390575,-0.16862497784982977
qwen2.5-3b,arc_challenge,mixed_3_6,0.6865549483447088,0.7338694022460417,0.6523809523809524,0.5885416666666666,0.7156875186622873,210,0.12247139347611602,0.6094021325759473,1.1080028597010698,-0.18814935570854144,-0.16107940526161568,-0.13356950640084997
qwen2.5-3b,arc_challenge,mixed_4_6,0.7240829318186491,0.9159071490912624,0.10526315789473684,0.0819371308617377,0.1305732484076433,627,1.5892462872920339,1.9959402793874292,2.4281172681127785,-0.1527428170887374,-0.12355142178767531,-0.09443256347132263
qwen2.5-3b,mmlu,bf16,0.8081249696843685,0.9348212148435702,0.2365747460087083,0.20523922810914508,0.2693481905974742,689,,0.0,,,0.0,
qwen2.5-3b,mmlu,affine_b8_g64,0.8100445965925852,0.9381337729898248,0.23333333333333334,0.20259844842147254,0.26525482791440236,690,-0.22416935165861976,-0.11530225001773386,-0.007903618664201001,-0.00639927336682383,0.0019196269082166761,0.010338217155580679
qwen2.5-3b,mmlu,affine_b6_g64,0.8168255103341604,0.934979403904717,0.23401162790697674,0.20263994167302438,0.26527719608564304,688,-0.1959302417193324,-0.03443835500317771,0.1302308292824751,-0.0040118962701197695,0.008700540649791866,0.021841053316712423
qwen2.5-3b,mmlu,affine_b5_g64,0.7937749855858939,0.9317141253214616,0.22033898305084745,0.1876855444351366,0.2535455967842469,649,0.05962274955906543,0.2708330121007818,0.4809460309752101,-0.028991083468758887,-0.014349984098474655,0.0005020906714404396
qwen2.5-3b,mmlu,affine_b4_g64,0.6525899609978046,0.8362763507674772,0.19518716577540107,0.1544661390762844,0.23496917050524094,374,1.238201724735633,1.5482872726328716,1.8830071838024443,-0.1787189035051301,-0.1555350086865639,-0.1327795986923832
qwen2.5-3b,mmlu,affine_b3_g64,0.6789596735948493,0.6861126061572071,0.723404255319149,0.6555555555555556,0.7857238349885408,188,-0.014808890089073712,0.3797989441798033,0.8078761358306511,-0.15330646628857814,-0.1291652960895192,-0.1049458334660281
qwen2.5-3b,mmlu,affine_b2_g64,0.5353990051708624,0.5292103444495477,,,,0,1.1187098183251702,1.482848277547197,1.8470095164617661,-0.29430997564273986,-0.27272596451350617,-0.2509846196179788
qwen2.5-3b,mmlu,affine_b4_g32,0.8107312872459751,0.9338722041895474,0.2714285714285714,0.23963826541730224,0.3042269105643543,700,-0.6523043489006152,-0.34109486022962177,-0.02775929890070909,-0.01857372601299338,0.0026063175616065637,0.02365471606496859
qwen2.5-3b,mmlu,affine_b4_g128,0.7333433852330142,0.875022218285783,0.2310838445807771,0.19531790711670596,0.2690073966696402,489,0.7253665141962085,1.0497125386084734,1.380593077660567,-0.09910398186247156,-0.0747815844513543,-0.04965510974647138
qwen2.5-3b,mmlu,mxfp4_b4_g32,0.7562147804343974,0.9097290930186308,0.2425249169435216,0.20744848911086375,0.27652904152698915,602,0.14599979280862047,0.46671663490711257,0.8086447433652092,-0.07469194251170123,-0.05191018924997115,-0.029968886025418657
qwen2.5-3b,mmlu,mixed_2_6,0.4759150419108114,0.4782564209137128,,,,0,1.2999962739650104,1.657411590925907,2.0207750137053617,-0.3532017100999799,-0.3322099277735571,-0.31133443426720225
qwen2.5-3b,mmlu,mixed_3_4,0.6354957639270431,0.6351973685052466,0.7155963302752294,0.6264975791014525,0.796644410203732,109,0.5326080894772103,0.9038557567965351,1.2891344114744963,-0.1958714922412157,-0.17262920575732543,-0.14834081020345538
qwen2.5-3b,mmlu,mixed_3_6,0.6736716848643285,0.6684341125251833,0.774390243902439,0.7083268633540373,0.83704484605087,164,0.012463212783102829,0.40741481835908067,0.8125189050693324,-0.15791965460713445,-0.13445328482004004,-0.11143254640237478
qwen2.5-3b,mmlu,mixed_4_6,0.6835176308752585,0.8905439902989309,0.17943548387096775,0.1447836561472925,0.21276907413563828,496,0.8199084927405486,1.1247467107822118,1.4286598152502594,-0.14692302539895177,-0.12460733880911001,-0.10182557387163187
